No.,Attribute,Payload,Request Body,Status Code,Response Body
1,name.name1,"""""","{""name"": {""name1"": """", ""name2"": ""John Doe""}, ""age"": 123, ""city"": 30}",200,"{
  ""method"": ""POST"",
  ""protocol"": ""https"",
  ""host"": ""echo.free.beeceptor.com"",
  ""path"": ""/sample-request?author=beeceptor"",
  ""ip"": ""61.91.180.46:34860"",
  ""headers"": {
    ""Host"": ""echo.free.beeceptor.com"",
    ""User-Agent"": ""python-requests/2.32.3"",
    ""Content-Length"": ""68"",
    ""Accept"": ""pymd2369"",
    ""Accept-Encoding"": ""gzip, deflate, br"",
    ""Content-Type"": ""application/json""
  },
  ""parsedQueryParams"": {
    ""author"": ""beeceptor""
  },
  ""parsedBody"": {
    ""name"": {
      ""name1"": """",
      ""name2"": ""John Doe""
    },
    ""age"": 123,
    ""city"": 30
  }
}"
2,name.name2,"""""","{""name"": {""name1"": ""Someone Else"", ""name2"": """"}, ""age"": 123, ""city"": 30}",200,"{
  ""method"": ""POST"",
  ""protocol"": ""https"",
  ""host"": ""echo.free.beeceptor.com"",
  ""path"": ""/sample-request?author=beeceptor"",
  ""ip"": ""61.91.180.46:34860"",
  ""headers"": {
    ""Host"": ""echo.free.beeceptor.com"",
    ""User-Agent"": ""python-requests/2.32.3"",
    ""Content-Length"": ""72"",
    ""Accept"": ""pymd2294"",
    ""Accept-Encoding"": ""gzip, deflate, br"",
    ""Content-Type"": ""application/json""
  },
  ""parsedQueryParams"": {
    ""author"": ""beeceptor""
  },
  ""parsedBody"": {
    ""name"": {
      ""name1"": ""Someone Else"",
      ""name2"": """"
    },
    ""age"": 123,
    ""city"": 30
  }
}"
3,age,"""""","{""name"": {""name1"": ""Someone Else"", ""name2"": ""John Doe""}, ""age"": """", ""city"": 30}",200,"{
  ""method"": ""POST"",
  ""protocol"": ""https"",
  ""host"": ""echo.free.beeceptor.com"",
  ""path"": ""/sample-request?author=beeceptor"",
  ""ip"": ""61.91.180.46:34860"",
  ""headers"": {
    ""Host"": ""echo.free.beeceptor.com"",
    ""User-Agent"": ""python-requests/2.32.3"",
    ""Content-Length"": ""79"",
    ""Accept"": ""pymd2406"",
    ""Accept-Encoding"": ""gzip, deflate, br"",
    ""Content-Type"": ""application/json""
  },
  ""parsedQueryParams"": {
    ""author"": ""beeceptor""
  },
  ""parsedBody"": {
    ""name"": {
      ""name1"": ""Someone Else"",
      ""name2"": ""John Doe""
    },
    ""age"": """",
    ""city"": 30
  }
}"
4,city,"""""","{""name"": {""name1"": ""Someone Else"", ""name2"": ""John Doe""}, ""age"": 123, ""city"": """"}",200,"{
  ""method"": ""POST"",
  ""protocol"": ""https"",
  ""host"": ""echo.free.beeceptor.com"",
  ""path"": ""/sample-request?author=beeceptor"",
  ""ip"": ""61.91.180.46:34860"",
  ""headers"": {
    ""Host"": ""echo.free.beeceptor.com"",
    ""User-Agent"": ""python-requests/2.32.3"",
    ""Content-Length"": ""80"",
    ""Accept"": ""pymd2674"",
    ""Accept-Encoding"": ""gzip, deflate, br"",
    ""Content-Type"": ""application/json""
  },
  ""parsedQueryParams"": {
    ""author"": ""beeceptor""
  },
  ""parsedBody"": {
    ""name"": {
      ""name1"": ""Someone Else"",
      ""name2"": ""John Doe""
    },
    ""age"": 123,
    ""city"": """"
  }
}"
